{
    "AUC": 0.9616858237547893,
    "F1": 0.8744588744588744,
    "recall": 0.7777777777777778,
    "precision": 1.0,
    "accuracy": 0.9789986559139785,
    "loss": 0.3189627528190613
}