{
    "AUC": 0.9366629464285714,
    "F1": 0.8448275862068966,
    "recall": 0.8125,
    "precision": 0.8846153846153846,
    "accuracy": 0.96484375,
    "loss": 0.4887818694114685
}