{
    "AUC": 0.8692115617433415,
    "F1": 0.5058139534883721,
    "recall": 0.84375,
    "precision": 0.37037037037037035,
    "accuracy": 0.8851818647540983,
    "loss": 0.5992242097854614
}