{
    "AUC": 0.8950700431034483,
    "F1": 0.5529411764705883,
    "recall": 0.75,
    "precision": 0.46969696969696967,
    "accuracy": 0.8883568548387097,
    "loss": 0.5793404579162598
}