{
    "AUC": 0.8669794188861986,
    "F1": 0.5,
    "recall": 0.84375,
    "precision": 0.3630952380952381,
    "accuracy": 0.8812756147540983,
    "loss": 0.5996251702308655
}