{
    "F1": 0.7523809523809524,
    "recall": 0.615079365079365,
    "precision": 1.0,
    "accuracy": 0.9581653225806451,
    "loss": 0.21022535860538483
}