{
    "AUC": 0.9402901785714286,
    "F1": 0.6388888888888888,
    "recall": 0.84375,
    "precision": 0.525,
    "accuracy": 0.9289190573770492,
    "loss": 0.568557620048523
}