{
    "AUC": 0.9386160714285714,
    "F1": 0.8225806451612903,
    "recall": 0.8125,
    "precision": 0.8333333333333333,
    "accuracy": 0.95703125,
    "loss": 0.4933761954307556
}