{
    "AUC": 0.8096893016141019,
    "F1": 0.30769230769230765,
    "recall": 0.26666666666666666,
    "precision": 0.4761904761904762,
    "accuracy": 0.9161543715846995,
    "loss": 0.3965255916118622
}