{
    "F1": 0.9326599326599326,
    "recall": 0.8777777777777778,
    "precision": 1.0,
    "accuracy": 0.984375,
    "loss": 0.23019468784332275
}