{
    "AUC": 0.8317426108374384,
    "F1": 0.5296052631578948,
    "recall": 0.78125,
    "precision": 0.42045454545454547,
    "accuracy": 0.8724798387096775,
    "loss": 0.5958147644996643
}