{
    "F1": 0.7633986928104575,
    "recall": 0.6222222222222222,
    "precision": 1.0,
    "accuracy": 0.9684938524590164,
    "loss": 0.11608322709798813
}