{
    "AUC": 0.8234383552271484,
    "F1": 0.6046176046176046,
    "recall": 0.5277777777777778,
    "precision": 0.7222222222222222,
    "accuracy": 0.9369959677419355,
    "loss": 0.3936122953891754
}