{
    "AUC": 0.8089930082039958,
    "F1": 0.3356643356643356,
    "recall": 0.26666666666666666,
    "precision": 0.5333333333333333,
    "accuracy": 0.9265710382513661,
    "loss": 0.3825150430202484
}