{
    "AUC": 0.6219469518222683,
    "F1": 0.34722222222222215,
    "recall": 0.26666666666666666,
    "precision": 0.5,
    "accuracy": 0.9213627049180327,
    "loss": 0.2726890742778778
}