{
    "AUC": 0.4761904761904762,
    "F1": 0.17973867836881538,
    "recall": 0.9523809523809524,
    "precision": 0.10012640809011776,
    "accuracy": 0.09963037634408602,
    "loss": 0.9304230809211731
}