{
    "F1": 0.17789458708658115,
    "recall": 1.0,
    "precision": 0.10009935419771486,
    "accuracy": 0.1635075136612022,
    "loss": 0.890722930431366
}