{
    "AUC": 0.5569243719733656,
    "F1": 0.17391304347826086,
    "recall": 0.125,
    "precision": 0.2857142857142857,
    "accuracy": 0.9250128073770492,
    "loss": 0.25287899374961853
}