{
    "AUC": 0.3994065271193656,
    "F1": 0.1421050768876856,
    "recall": 0.6888888888888888,
    "precision": 0.08090593715928239,
    "accuracy": 0.17469262295081966,
    "loss": 0.8761089444160461
}