{
    "F1": 0.07692307692307691,
    "recall": 0.09999999999999999,
    "precision": 0.0625,
    "accuracy": 0.725068306010929,
    "loss": 0.5929705500602722
}