{
    "AUC": 0.7149512801509171,
    "F1": 0.5517676767676768,
    "recall": 0.47883597883597884,
    "precision": 0.8518518518518517,
    "accuracy": 0.9215389784946236,
    "loss": 0.3006255328655243
}