{
    "AUC": 0.6200799474713365,
    "F1": 0.38431372549019605,
    "recall": 0.3222222222222222,
    "precision": 0.4761904761904762,
    "accuracy": 0.9213627049180327,
    "loss": 0.275705486536026
}