{
    "AUC": 0.5466716480024212,
    "F1": 0.23076923076923075,
    "recall": 0.1875,
    "precision": 0.3,
    "accuracy": 0.9289190573770492,
    "loss": 0.24758023023605347
}