{
    "AUC": 0.9281183482332908,
    "F1": 0.6793650793650793,
    "recall": 0.5222222222222223,
    "precision": 1.0,
    "accuracy": 0.9528688524590164,
    "loss": 0.24525022506713867
}