{
    "AUC": 0.8683997844827587,
    "F1": 0.6920821114369502,
    "recall": 0.78125,
    "precision": 0.6476190476190476,
    "accuracy": 0.9401461693548387,
    "loss": 0.5022090077400208
}