{
    "AUC": 0.9800988642583469,
    "F1": 0.7634920634920634,
    "recall": 0.6527777777777778,
    "precision": 1.0,
    "accuracy": 0.9685819892473119,
    "loss": 0.23288874328136444
}