{
    "AUC": 0.9372924648786718,
    "F1": 0.9108734402852049,
    "recall": 0.8444444444444444,
    "precision": 1.0,
    "accuracy": 0.9791666666666666,
    "loss": 0.45452821254730225
}